<manifest><control namespace="pcfdev" constructor="CopyText" version="0.0.1" display-name-key="CopyText" description-key="CopyText description" control-type="standard" api-version="1.2.3"><property name="_inputProperty" display-name-key="inputProperty" description-key="InputProperty" of-type="SingleLine.Text" usage="bound" required="true" /><resources><code path="bundle.js" order="1" /><css path="css/CopyText.css" order="1" /></resources><built-by name="pac" version="1.3.6" /></control></manifest>