<ImportExportXml xmlns:xsi="http://www.w3.org/2001/XMLSchema-instance">
  <Entities>
    <Entity>
      <Name LocalizedName="Account" OriginalName="">Account</Name>
      <EntityInfo>
        <entity Name="Account" unmodified="1">
          <attributes />
        </entity>
      </EntityInfo>
      <RibbonDiffXml>
        <CustomActions>
          <CustomAction Id="dev.pfedyn.account.calculate.Button.CustomAction" Location="Mscrm.Form.account.MainTab.Save.Controls._children" Sequence="38">
            <CommandUIDefinition>
              <Button Command="pfedyn.account.calculatebutton.Command" Id="pfedyn.account.calculate.Button" LabelText="$LocLabels:pfedyn.account.calculate.Button.LabelText" Sequence="38" TemplateAlias="o1" ToolTipTitle="$LocLabels:pfedyn.account.calculate.Button.ToolTipTitle" ToolTipDescription="$LocLabels:pfedyn.account.calculate.Button.ToolTipDescription" ModernImage="$webresource:pfedyn_/images/dollarbutton.svg" />
            </CommandUIDefinition>
          </CustomAction>
          <CustomAction Id="dev.pfedyn.account.hello.Button.CustomAction" Location="Mscrm.Form.account.MainTab.Save.Controls._children" Sequence="34">
            <CommandUIDefinition>
              <Button Command="pfedyn.account.hellobutton.Command" Id="pfedyn.account.hello.Button" LabelText="$LocLabels:pfedyn.account.hello.Button.LabelText" Sequence="34" TemplateAlias="o1" ToolTipTitle="$LocLabels:pfedyn.account.hello.Button.ToolTipTitle" ToolTipDescription="$LocLabels:pfedyn.account.hello.Button.ToolTipDescription" ModernImage="$webresource:pfedyn_/images/hellobutton.svg" />
            </CommandUIDefinition>
          </CustomAction>
        </CustomActions>
        <Templates>
          <RibbonTemplates Id="Mscrm.Templates"></RibbonTemplates>
        </Templates>
        <CommandDefinitions>
          <CommandDefinition Id="pfedyn.account.calculatebutton.Command">
            <EnableRules />
            <DisplayRules>
              <DisplayRule Id="pfedyn.account.calculatebutton.DisplayRule" />
            </DisplayRules>
            <Actions>
              <JavaScriptFunction FunctionName="calculateEstimatedRevenue" Library="$webresource:pfedyn_/scripts/account.js">
                <CrmParameter Value="PrimaryControl" />
              </JavaScriptFunction>
            </Actions>
          </CommandDefinition>
          <CommandDefinition Id="pfedyn.account.hellobutton.Command">
            <EnableRules />
            <DisplayRules>
              <DisplayRule Id="pfedyn.account.hellobutton.DisplayRule" />
            </DisplayRules>
            <Actions>
              <JavaScriptFunction FunctionName="sayHello" Library="$webresource:pfedyn_/scripts/account.js" />
            </Actions>
          </CommandDefinition>
        </CommandDefinitions>
        <RuleDefinitions>
          <TabDisplayRules />
          <DisplayRules>
            <DisplayRule Id="pfedyn.account.calculatebutton.DisplayRule">
              <ValueRule Value="" Default="true" />
            </DisplayRule>
            <DisplayRule Id="pfedyn.account.hellobutton.DisplayRule">
              <ValueRule Value="" Default="true" />
            </DisplayRule>
          </DisplayRules>
          <EnableRules />
        </RuleDefinitions>
        <LocLabels>
          <LocLabel Id="pfedyn.account.calculate.Button.LabelText">
            <Titles>
              <Title description="Calculate" languagecode="1033" />
            </Titles>
          </LocLabel>
          <LocLabel Id="pfedyn.account.calculate.Button.ToolTipDescription">
            <Titles>
              <Title description="Calculate estimated revenue" languagecode="1033" />
            </Titles>
          </LocLabel>
          <LocLabel Id="pfedyn.account.calculate.Button.ToolTipTitle">
            <Titles>
              <Title description="Calculate estimated revenue" languagecode="1033" />
            </Titles>
          </LocLabel>
          <LocLabel Id="pfedyn.account.hello.Button.LabelText">
            <Titles>
              <Title description="Hello" languagecode="1033" />
            </Titles>
          </LocLabel>
          <LocLabel Id="pfedyn.account.hello.Button.ToolTipDescription">
            <Titles>
              <Title description="Hello students!!!!!!!!" languagecode="1033" />
            </Titles>
          </LocLabel>
          <LocLabel Id="pfedyn.account.hello.Button.ToolTipTitle">
            <Titles>
              <Title description="Hello students!!!!!!!!" languagecode="1033" />
            </Titles>
          </LocLabel>
        </LocLabels>
      </RibbonDiffXml>
    </Entity>
  </Entities>
  <Roles></Roles>
  <Workflows></Workflows>
  <FieldSecurityProfiles></FieldSecurityProfiles>
  <Templates />
  <EntityMaps />
  <EntityRelationships />
  <OrganizationSettings />
  <optionsets />
  <WebResources>
    <WebResource>
      <WebResourceId>{a6918366-69a1-ec11-b400-002248302dca}</WebResourceId>
      <Name>pfedyn_/images/dollarbutton.svg</Name>
      <DisplayName>pfedyn_/images/dollarbutton.svg</DisplayName>
      <LanguageCode>1033</LanguageCode>
      <WebResourceType>11</WebResourceType>
      <IntroducedVersion>1.0.0.0</IntroducedVersion>
      <IsEnabledForMobileClient>0</IsEnabledForMobileClient>
      <IsAvailableForMobileOffline>0</IsAvailableForMobileOffline>
      <IsCustomizable>1</IsCustomizable>
      <CanBeDeleted>1</CanBeDeleted>
      <IsHidden>0</IsHidden>
      <FileName>/WebResources/pfedyn_imagesdollarbuttonsvgA6918366-69A1-EC11-B400-002248302DCA</FileName>
    </WebResource>
    <WebResource>
      <WebResourceId>{f58e7178-69a1-ec11-b400-002248302dca}</WebResourceId>
      <Name>pfedyn_/images/hellobutton.svg</Name>
      <DisplayName>pfedyn_/images/hellobutton.svg</DisplayName>
      <LanguageCode>1033</LanguageCode>
      <WebResourceType>11</WebResourceType>
      <IntroducedVersion>1.0.0.0</IntroducedVersion>
      <IsEnabledForMobileClient>0</IsEnabledForMobileClient>
      <IsAvailableForMobileOffline>0</IsAvailableForMobileOffline>
      <IsCustomizable>1</IsCustomizable>
      <CanBeDeleted>1</CanBeDeleted>
      <IsHidden>0</IsHidden>
      <FileName>/WebResources/pfedyn_imageshellobuttonsvgF58E7178-69A1-EC11-B400-002248302DCA</FileName>
    </WebResource>
    <WebResource>
      <WebResourceId>{300b1538-6ba1-ec11-b400-002248302e6e}</WebResourceId>
      <Name>pfedyn_/scripts/account.js</Name>
      <DisplayName>pfedyn_/scripts/account.js</DisplayName>
      <LanguageCode>1033</LanguageCode>
      <WebResourceType>3</WebResourceType>
      <IntroducedVersion>1.0.0.0</IntroducedVersion>
      <IsEnabledForMobileClient>0</IsEnabledForMobileClient>
      <IsAvailableForMobileOffline>0</IsAvailableForMobileOffline>
      <IsCustomizable>1</IsCustomizable>
      <CanBeDeleted>1</CanBeDeleted>
      <IsHidden>0</IsHidden>
      <FileName>/WebResources/pfedyn_scriptsaccountjs300B1538-6BA1-EC11-B400-002248302E6E</FileName>
    </WebResource>
  </WebResources>
  <CustomControls />
  <EntityDataProviders />
  <Languages>
    <Language>1033</Language>
    <Language>1036</Language>
    <Language>1046</Language>
  </Languages>
</ImportExportXml>