<ImportExportXml version="9.2.24092.202" SolutionPackageVersion="9.2" languagecode="1033" generatedBy="CrmLive" xmlns:xsi="http://www.w3.org/2001/XMLSchema-instance" OrganizationVersion="9.2.24092.202" OrganizationSchemaType="Standard" CRMServerServiceabilityVersion="9.2.24092.00202">
  <SolutionManifest>
    <UniqueName>PowerPages1Day</UniqueName>
    <LocalizedNames>
      <LocalizedName description="Power Pages 1 Day" languagecode="1033" />
    </LocalizedNames>
    <Descriptions />
    <Version>1.0.0.3</Version>
    <Managed>1</Managed>
    <Publisher>
      <UniqueName>PowerPages1Day</UniqueName>
      <LocalizedNames>
        <LocalizedName description="Power Pages 1-Day" languagecode="1033" />
      </LocalizedNames>
      <Descriptions>
        <Description description="Power Pages 1-Day" languagecode="1033" />
      </Descriptions>
      <EMailAddress xsi:nil="true"></EMailAddress>
      <SupportingWebsiteUrl xsi:nil="true"></SupportingWebsiteUrl>
      <CustomizationPrefix>ce</CustomizationPrefix>
      <CustomizationOptionValuePrefix>12146</CustomizationOptionValuePrefix>
      <Addresses>
        <Address>
          <AddressNumber>1</AddressNumber>
          <AddressTypeCode>1</AddressTypeCode>
          <City xsi:nil="true"></City>
          <County xsi:nil="true"></County>
          <Country xsi:nil="true"></Country>
          <Fax xsi:nil="true"></Fax>
          <FreightTermsCode xsi:nil="true"></FreightTermsCode>
          <ImportSequenceNumber xsi:nil="true"></ImportSequenceNumber>
          <Latitude xsi:nil="true"></Latitude>
          <Line1 xsi:nil="true"></Line1>
          <Line2 xsi:nil="true"></Line2>
          <Line3 xsi:nil="true"></Line3>
          <Longitude xsi:nil="true"></Longitude>
          <Name xsi:nil="true"></Name>
          <PostalCode xsi:nil="true"></PostalCode>
          <PostOfficeBox xsi:nil="true"></PostOfficeBox>
          <PrimaryContactName xsi:nil="true"></PrimaryContactName>
          <ShippingMethodCode>1</ShippingMethodCode>
          <StateOrProvince xsi:nil="true"></StateOrProvince>
          <Telephone1 xsi:nil="true"></Telephone1>
          <Telephone2 xsi:nil="true"></Telephone2>
          <Telephone3 xsi:nil="true"></Telephone3>
          <TimeZoneRuleVersionNumber xsi:nil="true"></TimeZoneRuleVersionNumber>
          <UPSZone xsi:nil="true"></UPSZone>
          <UTCOffset xsi:nil="true"></UTCOffset>
          <UTCConversionTimeZoneCode xsi:nil="true"></UTCConversionTimeZoneCode>
        </Address>
        <Address>
          <AddressNumber>2</AddressNumber>
          <AddressTypeCode>1</AddressTypeCode>
          <City xsi:nil="true"></City>
          <County xsi:nil="true"></County>
          <Country xsi:nil="true"></Country>
          <Fax xsi:nil="true"></Fax>
          <FreightTermsCode xsi:nil="true"></FreightTermsCode>
          <ImportSequenceNumber xsi:nil="true"></ImportSequenceNumber>
          <Latitude xsi:nil="true"></Latitude>
          <Line1 xsi:nil="true"></Line1>
          <Line2 xsi:nil="true"></Line2>
          <Line3 xsi:nil="true"></Line3>
          <Longitude xsi:nil="true"></Longitude>
          <Name xsi:nil="true"></Name>
          <PostalCode xsi:nil="true"></PostalCode>
          <PostOfficeBox xsi:nil="true"></PostOfficeBox>
          <PrimaryContactName xsi:nil="true"></PrimaryContactName>
          <ShippingMethodCode>1</ShippingMethodCode>
          <StateOrProvince xsi:nil="true"></StateOrProvince>
          <Telephone1 xsi:nil="true"></Telephone1>
          <Telephone2 xsi:nil="true"></Telephone2>
          <Telephone3 xsi:nil="true"></Telephone3>
          <TimeZoneRuleVersionNumber xsi:nil="true"></TimeZoneRuleVersionNumber>
          <UPSZone xsi:nil="true"></UPSZone>
          <UTCOffset xsi:nil="true"></UTCOffset>
          <UTCConversionTimeZoneCode xsi:nil="true"></UTCConversionTimeZoneCode>
        </Address>
      </Addresses>
    </Publisher>
    <RootComponents>
      <RootComponent type="1" schemaName="ce_application" behavior="0" />
      <RootComponent type="1" schemaName="ce_job" behavior="0" />
      <RootComponent type="1" schemaName="ce_ticket" behavior="0" />
      <RootComponent type="1" schemaName="ce_ticketdetails" behavior="0" />
      <RootComponent type="1" schemaName="contact" behavior="1" />
      <RootComponent type="9" schemaName="ce_applicantstatus" behavior="0" />
      <RootComponent type="9" schemaName="ce_applicationstatus" behavior="0" />
      <RootComponent type="9" schemaName="ce_issue" behavior="0" />
      <RootComponent type="9" schemaName="ce_jobcategory" behavior="0" />
      <RootComponent type="9" schemaName="ce_ticketstatus" behavior="0" />
      <RootComponent type="20" id="{13e48f48-856f-ee11-8df0-00224808d922}" behavior="0" />
      <RootComponent type="61" schemaName="ce_JobIcon" behavior="0" />
      <RootComponent type="61" schemaName="ce_ResumeIcon" behavior="0" />
      <RootComponent type="61" schemaName="ce_TicketSVG" behavior="0" />
      <RootComponent type="62" schemaName="ce_Anytown311" behavior="0" />
      <RootComponent type="80" schemaName="ce_Anytown311" behavior="0" />
    </RootComponents>
    <MissingDependencies>
      <MissingDependency>
        <Required type="61" schemaName="msdyn_/Images/AppModule_Default_Icon.png" displayName="msdyn_/Images/AppModule_Default_Icon.png" solution="AppModuleWebResources (2.5)" />
        <Dependent type="80" schemaName="ce_Anytown311" displayName="Anytown 311" />
      </MissingDependency>
    </MissingDependencies>
  </SolutionManifest>
</ImportExportXml>